Date,Mkt-RF,SMB,HML,RMW,CMA,RF
1990-07-01,4.20   ,-2.82   ,-1.46    ,2.34    ,0.91    ,0.68
1990-08-01,-8.68    ,3.61    ,1.73    ,0.27    ,0.67    ,0.66
1990-09-01,-8.80    ,3.65   ,-0.06    ,0.97    ,4.17    ,0.60
1990-10-01,-1.95   ,-4.76   ,-1.48    ,0.68   ,-2.73    ,0.68
1990-11-01,-2.98   ,-1.58   ,-0.77    ,2.65    ,0.56    ,0.57
1990-12-01,-1.10   ,-2.74   ,-1.02    ,0.28   ,-1.49    ,0.60
1991-01-01,5.28   ,-3.52    ,1.34    ,0.84   ,-0.06    ,0.52
1991-02-01,9.08   ,-1.68   ,-1.60    ,1.63   ,-0.57    ,0.48
1991-03-01,2.28   ,-1.00    ,1.80   ,-1.57    ,1.36    ,0.44
1991-04-01,2.09    ,1.30   ,-0.12    ,1.83    ,1.66    ,0.53
1991-05-01,-0.55   ,-0.96    ,1.45   ,-2.19    ,0.92    ,0.47
1991-06-01,-0.64    ,0.40   ,-0.29    ,0.07    ,1.48    ,0.42
1991-07-01,5.78   ,-0.44    ,4.39   ,-1.51    ,2.97    ,0.49
1991-08-01,-1.59   ,-0.12    ,1.41   ,-0.23    ,1.12    ,0.46
1991-09-01,0.81    ,1.77    ,1.80   ,-0.11    ,0.17    ,0.46
1991-10-01,3.77    ,1.66    ,1.29   ,-0.57   ,-1.24    ,0.42
1991-11-01,-0.35    ,2.58    ,0.51   ,-0.52   ,-2.78    ,0.39
1991-12-01,1.36   ,-2.64   ,-0.96    ,0.40   ,-0.83    ,0.38
1992-01-01,1.30    ,0.16    ,0.63   ,-1.02   ,-1.73    ,0.34
1992-02-01,2.00    ,0.43    ,2.17    ,1.04    ,0.88    ,0.28
1992-03-01,-0.27   ,-0.25   ,-1.17    ,0.88   ,-0.02    ,0.34
1992-04-01,5.39   ,-4.38   ,-0.23    ,2.16   ,-0.22    ,0.32
1992-05-01,7.92   ,-3.18    ,4.41   ,-5.39    ,2.03    ,0.28
1992-06-01,-1.18   ,-0.13    ,0.08   ,-1.27   ,-0.40    ,0.32
1992-07-01,-3.37    ,1.68   ,-0.56    ,1.12    ,2.79    ,0.31
1992-08-01,-6.07    ,0.16    ,1.25    ,0.33   ,-1.64    ,0.26
1992-09-01,-2.51    ,1.08    ,2.43   ,-0.08   ,-1.27    ,0.26
1992-10-01,2.89   ,-2.72    ,2.21   ,-0.90   ,-5.75    ,0.23
1992-11-01,-1.98    ,2.88   ,-0.58    ,1.04    ,1.53    ,0.23
1992-12-01,0.63    ,1.28   ,-4.75    ,4.48    ,4.89    ,0.28
1993-01-01,1.03    ,0.63    ,1.09   ,-0.41   ,-2.35    ,0.23
1993-02-01,8.06   ,-1.16    ,1.32   ,-2.14   ,-1.12    ,0.22
1993-03-01,2.76    ,3.69   ,-1.29    ,1.82    ,1.76    ,0.25
1993-04-01,5.51    ,3.27    ,1.30   ,-3.70   ,-0.46    ,0.24
1993-05-01,4.89    ,3.02    ,0.79   ,-2.01   ,-1.98    ,0.22
1993-06-01,-2.79    ,3.39    ,2.33    ,0.39   ,-0.30    ,0.25
1993-07-01,2.21    ,1.01   ,-1.86    ,0.51    ,5.86    ,0.24
1993-08-01,6.37   ,-0.90    ,0.86   ,-1.03   ,-2.00    ,0.25
1993-09-01,0.01   ,-2.90    ,0.53   ,-0.01   ,-3.06    ,0.26
1993-10-01,15.82   ,-5.05    ,1.71   ,-0.72   ,-6.14    ,0.22
1993-11-01,-2.38    ,2.48    ,1.83    ,0.23   ,-1.27    ,0.25
1993-12-01,20.52   ,-5.24    ,7.23   ,-6.00   ,-6.62    ,0.23
1994-01-01,0.86    ,3.29    ,2.16   ,-3.71    ,8.13    ,0.25
1994-02-01,-6.52    ,5.87    ,0.76   ,-2.22    ,2.70    ,0.21
1994-03-01,-9.99    ,0.55    ,0.38    ,1.89    ,0.20    ,0.27
1994-04-01,2.14   ,-1.15   ,-0.06   ,-0.12    ,2.90    ,0.27
1994-05-01,4.24   ,-4.08    ,0.54    ,1.54    ,0.85    ,0.32
1994-06-01,-6.39    ,2.59   ,-1.73    ,0.85    ,3.07    ,0.31
1994-07-01,4.75   ,-4.21    ,1.68   ,-2.26   ,-0.49    ,0.28
1994-08-01,3.63   ,-2.66   ,-0.24    ,0.10   ,-0.26    ,0.37
1994-09-01,-2.53    ,0.95   ,-0.16   ,-1.16   ,-0.85    ,0.37
1994-10-01,0.94   ,-2.61    ,0.85   ,-0.44    ,0.93    ,0.38
1994-11-01,-8.43    ,1.65    ,0.83    ,3.64    ,6.41    ,0.37
1994-12-01,-1.44   ,-1.20    ,0.94    ,2.05    ,2.46    ,0.44
1995-01-01,-7.64   ,-1.22    ,1.85    ,2.23    ,5.41    ,0.42
1995-02-01,5.83   ,-6.50    ,2.38   ,-4.40   ,-5.12    ,0.40
1995-03-01,0.51   ,-2.73   ,-0.50    ,0.54    ,0.57    ,0.46
1995-04-01,1.02   ,-0.38    ,0.02    ,3.33    ,5.49    ,0.45
1995-05-01,4.15   ,-4.29   ,-1.38   ,-2.26   ,-6.49    ,0.54
1995-06-01,-2.35    ,2.19    ,0.49    ,0.53   ,-1.42    ,0.47
1995-07-01,4.83    ,3.01   ,-2.28    ,1.46    ,0.97    ,0.45
1995-08-01,-1.47    ,4.78   ,-3.64    ,2.45    ,2.74    ,0.47
1995-09-01,1.75   ,-0.98    ,3.45    ,0.77   ,-2.64    ,0.43
1995-10-01,-0.78   ,-2.22    ,0.15    ,0.32   ,-1.20    ,0.47
1995-11-01,0.81   ,-0.22    ,0.71    ,0.52    ,0.69    ,0.42
1995-12-01,2.82   ,-2.18    ,0.06   ,-0.89    ,0.90    ,0.49
1996-01-01,8.33   ,-2.04    ,3.05   ,-3.55   ,-6.24    ,0.43
1996-02-01,0.34    ,2.24   ,-1.34    ,0.50    ,2.38    ,0.39
1996-03-01,-0.98    ,0.24   ,-0.22    ,0.13    ,1.54    ,0.39
1996-04-01,1.58    ,1.15   ,-0.31   ,-0.28    ,2.33    ,0.46
1996-05-01,0.72    ,0.93   ,-1.13   ,-0.05   ,-0.81    ,0.42
1996-06-01,-2.13    ,0.01    ,1.76    ,0.18   ,-1.09    ,0.40
1996-07-01,-5.34    ,0.13    ,2.41    ,1.76    ,0.82    ,0.45
1996-08-01,3.89    ,0.16   ,-2.02    ,0.63   ,-0.39    ,0.41
1996-09-01,2.31   ,-0.42    ,0.85   ,-0.57    ,1.14    ,0.44
1996-10-01,2.34    ,1.79   ,-0.50    ,0.63    ,0.16    ,0.42
1996-11-01,6.48   ,-0.45    ,4.74   ,-3.68    ,2.36    ,0.41
1996-12-01,-0.45   ,-0.48    ,0.57   ,-1.07    ,0.71    ,0.46
1997-01-01,-2.17    ,2.17   ,-1.13    ,0.16   ,-0.77    ,0.45
1997-02-01,0.87    ,3.89   ,-0.27   ,-0.27    ,0.10    ,0.39
1997-03-01,-4.71    ,2.45    ,0.31    ,4.30    ,1.23    ,0.43
1997-04-01,-0.01   ,-0.25    ,2.81    ,0.27    ,3.02    ,0.43
1997-05-01,6.90   ,-3.38    ,1.46   ,-1.36    ,0.81    ,0.49
1997-06-01,2.22   ,-2.77   ,-0.23    ,2.83   ,-0.59    ,0.37
1997-07-01,1.69    ,2.04    ,1.86    ,0.04   ,-2.78    ,0.43
1997-08-01,-8.43    ,8.76    ,8.17   ,-5.77    ,3.41    ,0.41
1997-09-01,3.75   ,-7.12   ,-5.05    ,2.84    ,0.82    ,0.44
1997-10-01,-22.35   ,-1.51   ,-4.43    ,9.66    ,4.35    ,0.42
1997-11-01,-1.53   ,-5.17   ,-2.07    ,2.91    ,0.58    ,0.39
1997-12-01,-1.47   ,-6.12   ,-1.38    ,1.89    ,2.22    ,0.48
1998-01-01,-8.61   ,-3.78   ,-8.91   ,11.14    ,6.94    ,0.43
1998-02-01,11.87    ,1.14    ,5.07   ,-9.43   ,-6.57    ,0.39
1998-03-01,-1.87   ,-0.27    ,1.80   ,-0.96    ,0.87    ,0.39
1998-04-01,-5.69    ,1.85    ,0.12    ,3.54    ,2.88    ,0.43
1998-05-01,-11.07    ,1.10   ,-0.66    ,4.13    ,3.00    ,0.40
1998-06-01,-6.01   ,-5.12    ,3.70    ,0.76    ,6.59    ,0.41
1998-07-01,-3.72   ,-0.71   ,-7.12    ,8.04    ,0.73    ,0.40
1998-08-01,-13.36   ,-1.96   ,-5.47    ,4.08   ,-0.37    ,0.43
1998-09-01,10.76   ,-4.86    ,1.11    ,0.40   ,-1.92    ,0.46
1998-10-01,18.07   ,-2.10   ,23.70  ,-12.20    ,0.64    ,0.32
1998-11-01,4.62    ,2.57    ,2.10    ,0.40    ,0.60    ,0.31
1998-12-01,-2.67   ,-0.77   ,-2.17    ,3.26    ,2.26    ,0.38
1999-01-01,-0.40    ,0.98   ,-7.07    ,5.76    ,1.28    ,0.35
1999-02-01,-1.28   ,-0.32   ,-0.34    ,1.60    ,0.30    ,0.35
1999-03-01,8.14   ,-5.86    ,3.51   ,-2.02    ,0.74    ,0.43
1999-04-01,16.83    ,4.65   ,11.48   ,-5.07    ,0.55    ,0.37
1999-05-01,-5.42   ,13.30    ,5.85   ,-3.99   ,-3.54    ,0.34
1999-06-01,9.18    ,6.73    ,8.24   ,-2.63    ,0.04    ,0.40
1999-07-01,-2.19   ,-2.56   ,-4.12    ,2.64   ,-2.03    ,0.38
1999-08-01,-2.28   ,-1.06   ,-1.87    ,0.17    ,0.93    ,0.39
1999-09-01,-2.30    ,4.50    ,0.29   ,-0.04   ,-0.98    ,0.39
1999-10-01,1.19   ,-1.82   ,-3.11    ,0.11   ,-1.46    ,0.39
1999-11-01,7.08   ,-2.12   ,-5.02   ,-1.06    ,1.59    ,0.36
1999-12-01,8.98    ,0.13    ,4.12   ,-1.57   ,-0.30    ,0.44
2000-01-01,-6.83    ,7.83    ,2.74   ,-2.78   ,-0.20    ,0.41
2000-02-01,-0.74    ,5.63   ,-1.35   ,-2.26   ,-3.16    ,0.43
2000-03-01,0.61   ,-2.11    ,0.97   ,-4.80    ,5.60    ,0.47
2000-04-01,-6.45  ,-11.45   ,-0.32    ,6.67   ,-0.10    ,0.46
2000-05-01,-8.45   ,-0.57   ,-3.10    ,5.28   ,-3.70    ,0.50
2000-06-01,10.79   ,-4.45    ,1.63   ,-0.20   ,-0.48    ,0.40
2000-07-01,-0.65   ,-0.48    ,3.66   ,-4.91   ,-1.24    ,0.48
2000-08-01,2.21   ,-2.16    ,4.97   ,-1.81    ,2.76    ,0.50
2000-09-01,-7.45   ,-3.91    ,4.69    ,2.91    ,1.20    ,0.51
2000-10-01,-6.09   ,-1.80    ,1.54    ,5.24    ,0.67    ,0.56
2000-11-01,-0.98    ,0.22    ,3.19    ,3.46    ,3.47    ,0.51
2000-12-01,4.09   ,-5.39    ,6.03   ,-2.47    ,3.84    ,0.50
2001-01-01,2.80   ,-2.06   ,-0.67   ,-1.08   ,-2.50    ,0.54
2001-02-01,-3.70    ,1.51    ,8.66   ,-1.74    ,8.24    ,0.38
2001-03-01,-13.24    ,0.15    ,8.04    ,1.29    ,3.41    ,0.42
2001-04-01,6.50   ,-0.29   ,-5.28    ,5.56   ,-2.96    ,0.39
2001-05-01,-0.15    ,5.97    ,5.19    ,0.84    ,2.02    ,0.32
2001-06-01,1.36    ,0.02    ,0.06    ,2.62    ,0.82    ,0.28
2001-07-01,-3.97   ,-2.42    ,1.23    ,2.48    ,3.13    ,0.30
2001-08-01,-1.08   ,-0.47   ,-1.95    ,8.40    ,0.95    ,0.31
2001-09-01,-14.18   ,-1.40    ,0.23    ,3.96    ,3.36    ,0.28
2001-10-01,5.80    ,2.75   ,-1.13    ,1.47   ,-4.38    ,0.22
2001-11-01,8.57   ,-0.83    ,0.88   ,-1.45    ,0.48    ,0.17
2001-12-01,2.30   ,-2.01    ,2.98   ,-1.88    ,1.69    ,0.15
2002-01-01,1.52    ,3.99    ,2.54    ,4.70    ,1.40    ,0.14
2002-02-01,-1.64    ,1.54    ,1.79    ,6.27    ,2.34    ,0.13
2002-03-01,4.54    ,0.91    ,0.23    ,1.78   ,-1.83    ,0.13
2002-04-01,0.64   ,-1.05    ,6.08   ,-2.19    ,2.46    ,0.15
2002-05-01,1.99    ,3.92    ,0.37    ,4.57   ,-0.85    ,0.14
2002-06-01,-5.51    ,0.32    ,4.01    ,2.49    ,3.77    ,0.13
2002-07-01,-6.15   ,-3.37    ,1.21    ,1.09   ,-0.88    ,0.15
2002-08-01,0.03    ,1.22   ,-2.62    ,3.77   ,-3.26    ,0.14
2002-09-01,-7.40   ,-0.72   ,-0.84    ,2.30    ,0.95    ,0.14
2002-10-01,4.55   ,-3.11    ,0.65   ,-1.51   ,-0.92    ,0.14
2002-11-01,2.57   ,-2.50    ,3.42   ,-5.15    ,2.14    ,0.12
2002-12-01,-3.14    ,4.10   ,-1.30    ,2.77   ,-0.28    ,0.11
2003-01-01,1.66    ,1.77   ,-0.47    ,2.83   ,-2.59    ,0.10
2003-02-01,-1.40    ,1.71    ,3.56    ,0.82    ,2.12    ,0.09
2003-03-01,-0.52   ,-2.45   ,-2.76    ,3.28   ,-1.94    ,0.10
2003-04-01,4.54   ,-2.28   ,-3.52    ,1.75   ,-1.68    ,0.10
2003-05-01,7.17    ,3.45    ,6.16   ,-2.49    ,1.46    ,0.09
2003-06-01,3.77    ,1.44    ,0.44    ,2.21    ,0.48    ,0.10
2003-07-01,3.38    ,5.96    ,6.31   ,-2.43   ,-0.32    ,0.07
2003-08-01,6.35    ,2.52    ,7.04   ,-8.24    ,3.49    ,0.07
2003-09-01,5.34    ,3.66    ,1.11    ,0.86    ,1.04    ,0.08
2003-10-01,6.24   ,-0.28    ,0.44    ,0.13   ,-0.56    ,0.07
2003-11-01,0.19    ,0.48   ,-1.90    ,2.56   ,-2.00    ,0.07
2003-12-01,5.18   ,-0.86   ,-2.31    ,0.75    ,0.56    ,0.08
2004-01-01,4.44    ,1.58    ,8.28   ,-5.95    ,2.65    ,0.07
2004-02-01,3.73    ,0.99    ,0.89   ,-0.17   ,-0.08    ,0.06
2004-03-01,-1.59   ,-1.85   ,-2.69    ,3.29   ,-0.82    ,0.09
2004-04-01,-5.53   ,-2.06   ,-0.38    ,0.12    ,1.57    ,0.08
2004-05-01,0.11   ,-2.33   ,-0.16    ,0.34   ,-1.00    ,0.06
2004-06-01,0.45   ,-0.85   ,-0.04    ,1.15   ,-0.31    ,0.08
2004-07-01,0.98    ,1.01   ,-0.27   ,-0.50    ,0.57    ,0.10
2004-08-01,2.60   ,-2.77    ,3.82   ,-2.09   ,-1.00    ,0.11
2004-09-01,5.37    ,0.76   ,-2.30    ,2.35   ,-0.43    ,0.11
2004-10-01,3.21    ,1.54   ,-2.53    ,1.38   ,-1.67    ,0.11
2004-11-01,7.70    ,0.24    ,2.05   ,-5.39    ,0.08    ,0.15
2004-12-01,2.86   ,-0.89    ,2.38   ,-0.53   ,-1.85    ,0.16
2005-01-01,-0.38    ,3.12   ,-0.74    ,1.81   ,-0.07    ,0.16
2005-02-01,3.74   ,-1.08   ,-0.46    ,1.17    ,0.60    ,0.16
2005-03-01,-3.07   ,-0.62    ,1.20   ,-0.14    ,0.07    ,0.21
2005-04-01,-0.71   ,-3.18    ,3.93   ,-2.96   ,-1.92    ,0.21
2005-05-01,-0.21   ,-2.98    ,1.05    ,0.94    ,1.79    ,0.24
2005-06-01,4.00   ,-2.10   ,-0.59    ,1.34    ,0.74    ,0.23
2005-07-01,3.56   ,-1.46    ,0.54   ,-1.15   ,-0.22    ,0.24
2005-08-01,0.08    ,1.26   ,-1.83    ,0.49   ,-0.75    ,0.30
2005-09-01,3.96   ,-0.15   ,-2.72    ,0.09   ,-1.99    ,0.29
2005-10-01,-6.02    ,1.44    ,0.39    ,1.33    ,1.58    ,0.27
2005-11-01,3.11   ,-1.44   ,-0.60    ,0.05   ,-0.18    ,0.31
2005-12-01,1.97   ,-0.99   ,-0.32    ,0.26    ,1.20    ,0.32
2006-01-01,6.18    ,0.85   ,-0.33   ,-0.53   ,-1.29    ,0.35
2006-02-01,-0.25    ,2.46    ,2.81   ,-2.04    ,1.39    ,0.34
2006-03-01,1.98    ,3.09    ,1.27   ,-2.73    ,0.12    ,0.37
2006-04-01,6.53   ,-0.84   ,-1.62    ,0.55   ,-1.43    ,0.36
2006-05-01,-5.75    ,0.23   ,-0.31    ,1.01    ,0.02    ,0.43
2006-06-01,-0.39   ,-2.02    ,0.64    ,0.43    ,1.28    ,0.40
2006-07-01,1.11    ,1.58   ,-0.78   ,-0.24    ,0.26    ,0.40
2006-08-01,2.46   ,-0.45   ,-0.20    ,0.47    ,0.92    ,0.42
2006-09-01,-0.11    ,0.06    ,2.40   ,-0.25    ,3.04    ,0.41
2006-10-01,6.02    ,1.72   ,-5.22    ,2.35   ,-2.52    ,0.41
2006-11-01,4.49    ,1.34    ,1.60   ,-3.46    ,1.69    ,0.42
2006-12-01,4.00   ,-1.41   ,-0.22   ,-0.82    ,0.81    ,0.40
2007-01-01,1.77    ,3.79    ,3.26   ,-2.47    ,1.22    ,0.44
2007-02-01,0.90    ,2.09   ,-0.06    ,1.47   ,-0.83    ,0.38
2007-03-01,4.65    ,0.98   ,-2.02   ,-0.43   ,-0.46    ,0.43
2007-04-01,4.70    ,4.16   ,-0.06   ,-0.93    ,0.41    ,0.44
2007-05-01,3.15    ,5.79    ,4.29   ,-3.06    ,0.70    ,0.41
2007-06-01,2.33    ,3.61    ,0.31    ,1.80   ,-0.43    ,0.40
2007-07-01,1.31    ,2.88    ,3.51   ,-3.14   ,-0.25    ,0.40
2007-08-01,-4.20   ,-9.86   ,-0.51    ,5.26    ,2.31    ,0.42
2007-09-01,12.80   ,-3.90   ,-4.95    ,1.42   ,-5.11    ,0.32
2007-10-01,8.20   ,-3.00   ,-1.12   ,-1.46   ,-3.50    ,0.32
2007-11-01,-6.55   ,-2.79    ,2.71   ,-1.57    ,2.22    ,0.34
2007-12-01,-0.74   ,-0.64    ,0.81   ,-0.04    ,1.59    ,0.27
2008-01-01,-10.82   ,-4.00    ,1.29    ,2.74    ,5.95    ,0.21
2008-02-01,2.89    ,1.80   ,-4.47   ,-0.38   ,-0.73    ,0.13
2008-03-01,-5.53   ,-3.86    ,2.26    ,1.40    ,2.93    ,0.17
2008-04-01,7.19   ,-2.89   ,-0.87   ,-1.22   ,-2.72    ,0.18
2008-05-01,3.20    ,2.27   ,-4.55   ,-3.02   ,-4.38    ,0.18
2008-06-01,-8.12    ,0.14   ,-1.39    ,0.35    ,0.97    ,0.17
2008-07-01,-5.26   ,-2.53    ,5.65    ,2.63    ,6.05    ,0.15
2008-08-01,-6.64   ,-3.51   ,-1.58    ,5.40    ,5.51    ,0.13
2008-09-01,-17.71   ,-0.95    ,3.34    ,5.95    ,8.46    ,0.15
2008-10-01,-26.00   ,-6.72    ,3.62    ,0.22    ,6.75    ,0.08
2008-11-01,-6.16   ,-1.10    ,4.33   ,-3.33    ,6.30    ,0.03
2008-12-01,7.41    ,1.78    ,2.54   ,-4.15   ,-5.01    ,0.00
2009-01-01,-7.60   ,-0.42    ,3.12   ,-5.31    ,1.80    ,0.00
2009-02-01,-4.79    ,3.37   ,-4.25    ,1.11   ,-3.40    ,0.01
2009-03-01,10.81   ,-3.05   ,-6.50    ,2.60   ,-7.67    ,0.02
2009-04-01,13.95    ,0.02   ,-1.53   ,-1.77   ,-5.77    ,0.01
2009-05-01,18.49   ,10.49    ,5.35   ,-7.73   ,-6.30    ,0.00
2009-06-01,1.82   ,-0.56   ,-2.70    ,3.02    ,0.13    ,0.01
2009-07-01,12.82    ,0.04    ,6.68    ,0.27   ,-1.71    ,0.01
2009-08-01,1.64    ,3.97   ,-5.10    ,7.60   ,-3.17    ,0.01
2009-09-01,8.70    ,0.28    ,0.52    ,1.14   ,-2.86    ,0.01
2009-10-01,1.25    ,1.66    ,2.16   ,-2.27    ,1.64    ,0.00
2009-11-01,2.65    ,1.67   ,-2.57   ,-0.53   ,-0.46    ,0.00
2009-12-01,2.45   ,-0.41    ,1.50    ,1.32    ,0.62    ,0.01
2010-01-01,-6.25    ,4.52   ,-0.02    ,1.11    ,1.69    ,0.00
2010-02-01,2.63   ,-2.08    ,1.57   ,-0.01   ,-1.20    ,0.00
2010-03-01,7.65   ,-0.42    ,1.21    ,0.98   ,-2.04    ,0.01
2010-04-01,0.76    ,3.94   ,-0.87    ,1.01    ,2.34    ,0.01
2010-05-01,-12.22   ,-3.06    ,1.56   ,-3.42    ,2.66    ,0.01
2010-06-01,-0.20   ,-1.05    ,1.30   ,-0.01    ,1.18    ,0.01
2010-07-01,9.56   ,-1.08   ,-0.91    ,1.12    ,1.45    ,0.01
2010-08-01,-0.79   ,-0.07    ,0.47   ,-1.32    ,0.26    ,0.01
2010-09-01,12.84    ,1.64   ,-0.80   ,-1.35    ,0.26    ,0.01
2010-10-01,3.70    ,1.44   ,-2.32    ,0.36    ,0.86    ,0.01
2010-11-01,-1.15    ,1.08    ,0.66   ,-2.13    ,1.58    ,0.01
2010-12-01,6.76    ,2.45   ,-2.82    ,0.30   ,-0.36    ,0.01
2011-01-01,-0.79   ,-0.89    ,3.00   ,-0.42    ,1.98    ,0.01
2011-02-01,-0.07    ,0.31   ,-4.36    ,2.58   ,-0.66    ,0.01
2011-03-01,2.08   ,-0.76   ,-1.68    ,2.33   ,-1.46    ,0.01
2011-04-01,4.77   ,-0.61   ,-0.53    ,2.66   ,-0.66    ,0.00
2011-05-01,-2.53   ,-1.98    ,2.01    ,0.15    ,0.94    ,0.00
2011-06-01,-2.32   ,-1.98   ,-0.06    ,3.43   ,-0.86    ,0.00
2011-07-01,1.29    ,1.25   ,-1.06   ,-2.05   ,-0.68    ,0.00
2011-08-01,-6.67   ,-2.16   ,-1.88    ,3.71    ,0.80    ,0.01
2011-09-01,-15.79   ,-0.18    ,1.92    ,1.48    ,3.76    ,0.00
2011-10-01,13.98   ,-2.74   ,-0.89    ,0.68    ,0.39    ,0.00
2011-11-01,-6.53    ,0.97   ,-1.07    ,1.55    ,1.38    ,0.00
2011-12-01,-1.04   ,-1.67    ,1.20    ,0.28    ,0.39    ,0.00
2012-01-01,9.86   ,-2.27    ,0.69   ,-1.39   ,-3.30    ,0.00
2012-02-01,5.28    ,2.99    ,0.80   ,-1.86   ,-0.19    ,0.00
2012-03-01,-2.16    ,0.65   ,-0.12    ,2.26    ,2.50    ,0.00
2012-04-01,1.16   ,-1.98    ,1.32    ,1.71    ,0.45    ,0.00
2012-05-01,-11.42    ,0.63    ,3.62    ,0.40    ,1.76    ,0.01
2012-06-01,4.47   ,-3.08    ,1.26    ,1.22    ,0.86    ,0.00
2012-07-01,4.76   ,-3.59    ,1.48    ,0.78    ,3.26    ,0.00
2012-08-01,1.14    ,0.75    ,0.23   ,-0.11   ,-0.54    ,0.01
2012-09-01,4.46    ,0.98    ,1.61   ,-0.74   ,-1.91    ,0.01
2012-10-01,1.77   ,-0.57   ,-0.64    ,0.75    ,1.30    ,0.01
2012-11-01,1.61   ,-2.67    ,2.89   ,-0.20    ,0.59    ,0.01
2012-12-01,2.84    ,1.78    ,0.85    ,0.62    ,0.52    ,0.01
2013-01-01,5.54    ,1.51    ,2.94    ,0.55   ,-0.92    ,0.00
2013-02-01,1.15   ,-0.48    ,1.44    ,0.92    ,2.06    ,0.00
2013-03-01,-0.31   ,-0.39   ,-0.88    ,0.88    ,1.24    ,0.00
2013-04-01,2.46   ,-5.36    ,2.16    ,0.70    ,3.49    ,0.00
2013-05-01,-6.20    ,2.16    ,3.11   ,-1.07   ,-3.62    ,0.00
2013-06-01,-6.22   ,-0.29    ,1.50   ,-1.25    ,3.38    ,0.00
2013-07-01,3.47    ,1.87   ,-2.91    ,1.02   ,-1.47    ,0.00
2013-08-01,-0.22    ,1.11   ,-1.75    ,1.23   ,-0.47    ,0.00
2013-09-01,6.78    ,0.39   ,-1.98    ,0.14    ,0.54    ,0.00
2013-10-01,3.49   ,-2.34    ,0.74    ,4.47   ,-0.10    ,0.00
2013-11-01,-2.21   ,-0.36    ,1.75   ,-2.31    ,0.64    ,0.00
2013-12-01,-0.20    ,0.86   ,-1.19    ,0.76   ,-0.52    ,0.00
2014-01-01,-4.44    ,3.88   ,-1.20    ,0.29    ,0.98    ,0.00
2014-02-01,5.49   ,-1.71   ,-1.06    ,1.16    ,0.58    ,0.00
2014-03-01,1.66   ,-0.24    ,0.70    ,1.09    ,1.72    ,0.00
2014-04-01,1.42   ,-3.74    ,2.57   ,-0.48    ,0.26    ,0.00
2014-05-01,1.75   ,-0.54    ,1.59   ,-0.98    ,0.96    ,0.00
2014-06-01,0.13    ,1.35    ,0.79   ,-0.15   ,-0.09    ,0.00
2014-07-01,3.32    ,0.11    ,2.77   ,-0.55   ,-0.42    ,0.00
2014-08-01,-0.14    ,2.08   ,-0.08   ,-0.90    ,1.32    ,0.00
2014-09-01,-8.15    ,2.02    ,3.90   ,-2.29    ,1.99    ,0.00
2014-10-01,3.56   ,-4.49   ,-1.98    ,2.16    ,1.07    ,0.00
2014-11-01,-2.72    ,0.23    ,2.24   ,-2.24    ,0.07    ,0.00
2014-12-01,-3.10   ,-2.00    ,0.80    ,0.64   ,-0.14    ,0.00
2015-01-01,0.38   ,-2.92    ,4.42   ,-4.31   ,-0.27    ,0.00
2015-02-01,3.25   ,-0.41   ,-3.19    ,2.84   ,-0.31    ,0.00
2015-03-01,-0.83    ,0.56    ,1.08   ,-1.59    ,0.32    ,0.00
2015-04-01,6.22   ,10.33    ,0.52   ,-6.23   ,-2.89    ,0.00
2015-05-01,-1.55    ,8.59    ,0.64   ,-4.16    ,1.33    ,0.00
2015-06-01,-4.47    ,1.14   ,-0.26   ,-0.92    ,1.78    ,0.00
2015-07-01,-3.45   ,-6.10   ,-2.77    ,4.49    ,1.75    ,0.00
2015-08-01,-10.81   ,-1.03    ,0.80   ,-0.02   ,-0.51    ,0.00
2015-09-01,-3.09    ,2.85   ,-0.32   ,-1.43    ,1.11    ,0.00
2015-10-01,7.30   ,-1.28    ,1.17    ,1.14   ,-0.10    ,0.00
2015-11-01,-2.08    ,2.19   ,-2.92    ,1.60    ,0.52    ,0.00
2015-12-01,1.88   ,-0.10   ,-2.65    ,1.21    ,1.26    ,0.01
2016-01-01,-9.03   ,-0.70   ,-0.35    ,1.54    ,2.14    ,0.01
2016-02-01,0.75   ,-0.67    ,3.21   ,-1.94    ,1.41    ,0.02
2016-03-01,10.65   ,-2.25    ,1.04    ,1.62    ,1.41    ,0.02
2016-04-01,1.44    ,1.72    ,1.95    ,0.48    ,1.18    ,0.01
2016-05-01,-1.79    ,0.35   ,-2.04    ,0.52   ,-1.57    ,0.01
2016-06-01,0.44    ,0.77    ,1.03    ,0.97   ,-0.49    ,0.02
2016-07-01,5.87   ,-3.83    ,1.94    ,1.49   ,-0.16    ,0.02
2016-08-01,-0.45    ,1.32    ,1.89   ,-0.34   ,-0.64    ,0.02
2016-09-01,2.68    ,1.37    ,0.60   ,-0.39    ,0.69    ,0.02
2016-10-01,-1.45    ,1.31    ,2.81   ,-0.58    ,2.57    ,0.02
2016-11-01,-0.29   ,-1.74    ,0.94    ,0.28    ,0.36    ,0.01
2016-12-01,-1.90    ,0.82    ,1.19    ,1.13    ,0.52    ,0.03
2017-01-01,5.90   ,-1.54    ,3.33   ,-0.58    ,2.73    ,0.04
2017-02-01,2.23   ,-1.46    ,2.62   ,-0.82   ,-0.14    ,0.04
2017-03-01,2.82   ,-2.38   ,-1.06    ,1.68    ,0.48    ,0.03
2017-04-01,0.27   ,-1.55    ,1.25   ,-0.62   ,-1.27    ,0.05
2017-05-01,-0.21   ,-0.82    ,0.69   ,-1.30    ,0.61    ,0.06
2017-06-01,1.91   ,-1.33   ,-0.92    ,4.17   ,-0.86    ,0.06
2017-07-01,3.21    ,0.03    ,2.57   ,-1.35    ,2.17    ,0.07
2017-08-01,0.59   ,-0.92    ,1.76   ,-0.63    ,1.05    ,0.09
2017-09-01,-0.21    ,1.54   ,-1.81   ,-0.44   ,-0.43    ,0.09
2017-10-01,1.52    ,1.69    ,1.27   ,-0.85   ,-0.65    ,0.09
2017-11-01,1.00   ,-1.59   ,-0.82    ,0.65   ,-1.21    ,0.08
2017-12-01,3.03    ,0.63   ,-3.63    ,1.56   ,-0.45    ,0.09
2018-01-01,4.12   ,-1.49    ,1.26    ,0.20   ,-0.65    ,0.11
2018-02-01,-3.15   ,-0.40    ,0.26    ,2.06   ,-0.49    ,0.11
2018-03-01,-3.36    ,1.45    ,0.66    ,0.43   ,-0.39    ,0.12
2018-04-01,1.83   ,-4.48    ,2.19    ,0.35    ,0.91    ,0.14
2018-05-01,0.26    ,0.77   ,-2.69    ,2.91   ,-1.18    ,0.14
2018-06-01,-3.00   ,-1.29   ,-0.58    ,0.73    ,0.05    ,0.14
2018-07-01,1.17   ,-2.78    ,1.35   ,-0.67    ,0.52    ,0.16
2018-08-01,-2.43   ,-1.31   ,-3.02    ,1.61   ,-0.63    ,0.16
2018-09-01,-0.82    ,0.07    ,3.15   ,-0.55    ,1.40    ,0.15
2018-10-01,-9.40    ,0.56    ,1.52    ,0.55    ,2.18    ,0.19
2018-11-01,3.36   ,-1.49   ,-1.21   ,-0.10   ,-2.87    ,0.18
2018-12-01,-2.60   ,-2.32    ,1.17    ,0.64   ,-0.51    ,0.19
2019-01-01,6.40   ,-4.70    ,0.94    ,0.68    ,0.00    ,0.21
2019-02-01,3.35   ,-1.13   ,-0.18    ,0.45   ,-0.80    ,0.18
2019-03-01,0.75   ,-0.16    ,1.27    ,0.73    ,0.02    ,0.19
2019-04-01,1.61   ,-0.46   ,-2.37   ,-0.05    ,0.01    ,0.21
2019-05-01,-4.30    ,0.40   ,-1.79    ,2.20    ,1.29    ,0.21
2019-06-01,5.07   ,-4.21    ,0.11    ,1.56    ,0.19    ,0.18
2019-07-01,-1.44    ,1.33   ,-3.51    ,2.82   ,-1.70    ,0.19
2019-08-01,-6.27    ,1.52   ,-2.94    ,1.88   ,-1.21    ,0.16
2019-09-01,1.16    ,1.32    ,0.54    ,0.91   ,-0.49    ,0.18
2019-10-01,2.81   ,-2.40   ,-0.34    ,1.65   ,-1.62    ,0.15
2019-11-01,-0.19   ,-1.49   ,-0.79    ,2.04   ,-0.42    ,0.12
2019-12-01,2.99    ,1.48    ,1.23    ,0.50   ,-0.98    ,0.14
2020-01-01,-2.87   ,-1.43   ,-2.86    ,1.08   ,-0.62    ,0.13
2020-02-01,-6.79   ,-1.95    ,3.52   ,-2.65    ,0.20    ,0.12
2020-03-01,-19.08   ,-2.46    ,1.03   ,-1.12    ,1.89    ,0.12
2020-04-01,11.12    ,1.14   ,-5.83    ,6.48   ,-3.55    ,0.00
2020-05-01,0.32    ,5.60   ,-8.57    ,7.12   ,-2.84    ,0.01
2020-06-01,7.58   ,-2.97    ,1.20   ,-0.75   ,-0.83    ,0.01
2020-07-01,2.32    ,2.34   ,-6.00    ,2.19   ,-0.74    ,0.01
2020-08-01,6.42    ,0.41   ,-3.91    ,0.68   ,-5.11    ,0.01
2020-09-01,-4.98    ,2.87    ,0.14   ,-0.79   ,-1.55    ,0.01
2020-10-01,-0.03   ,-0.43   ,-0.11    ,0.26    ,0.41    ,0.01
2020-11-01,13.52   ,-1.93    ,2.00    ,0.67    ,1.60    ,0.01
2020-12-01,5.25    ,1.30   ,-2.56    ,2.65   ,-0.04    ,0.01
2021-01-01,1.16    ,1.81    ,0.77   ,-4.32    ,0.71    ,0.00
2021-02-01,3.87    ,1.63    ,4.91   ,-1.72    ,2.89    ,0.00
2021-03-01,1.14   ,-2.29    ,4.11   ,-0.23    ,1.41    ,0.00
2021-04-01,4.34    ,2.08   ,-1.59    ,0.91   ,-2.31    ,0.00
2021-05-01,1.75   ,-0.43    ,1.19    ,2.05    ,2.01    ,0.00
2021-06-01,-0.87    ,0.60   ,-0.98    ,0.08   ,-1.71    ,0.00
2021-07-01,-2.74    ,1.26    ,0.14    ,3.60   ,-2.20    ,0.00
2021-08-01,1.00    ,0.93   ,-3.07   ,-2.06   ,-3.93    ,0.00
2021-09-01,-3.93    ,2.73    ,1.86   ,-1.63   ,-0.09    ,0.00
2021-10-01,3.86    ,1.37   ,-0.15   ,-1.19   ,-0.23    ,0.00
2021-11-01,-5.68    ,1.71   ,-0.79    ,3.62    ,0.37    ,0.00
2021-12-01,2.24    ,0.19    ,2.63    ,4.17    ,1.83    ,0.01
2022-01-01,-4.97   ,-2.31   ,10.25   ,-2.25    ,8.06    ,0.00
2022-02-01,1.63   ,-2.58    ,2.57    ,1.20    ,2.49    ,0.00
2022-03-01,5.10   ,-0.24   ,-0.93    ,0.74   ,-1.66    ,0.00
2022-04-01,-5.17    ,0.49    ,5.20   ,-1.06    ,3.98    ,0.00
2022-05-01,-0.52   ,-3.44    ,3.99    ,0.29    ,2.17    ,0.03
2022-06-01,-7.43   ,-2.82    ,3.96   ,-0.90    ,6.08    ,0.06
2022-07-01,3.08    ,2.23   ,-7.60   ,-0.23   ,-4.23    ,0.08
2022-08-01,-1.07    ,0.43    ,1.40    ,0.58   ,-0.99    ,0.19
2022-09-01,-10.50   ,-1.19    ,4.60   ,-1.55    ,2.90    ,0.19
2022-10-01,-1.25   ,-0.34   ,-1.76    ,3.30   ,-1.95    ,0.23
2022-11-01,14.18   ,-6.98   ,-3.28    ,1.69   ,-1.14    ,0.29
2022-12-01,0.79   ,-0.73    ,6.33   ,-1.70    ,5.31    ,0.33
2023-01-01,7.09   ,-1.28   ,-4.61    ,1.53   ,-3.97    ,0.35
2023-02-01,-6.63   ,-0.44    ,2.81   ,-0.68    ,2.46    ,0.34
2023-03-01,0.11   ,-2.39   ,-0.11    ,0.86   ,-0.63    ,0.36
2023-04-01,-0.01   ,-0.57   ,-0.27   ,-1.00    ,0.51    ,0.35
2023-05-01,-5.98    ,0.56    ,1.86    ,0.08   ,-0.74    ,0.36
2023-06-01,3.14   ,-1.33    ,0.18    ,1.47   ,-0.53    ,0.40
2023-07-01,3.64   ,-0.64    ,0.56    ,1.09   ,-0.52    ,0.45
2023-08-01,-6.50    ,1.30    ,0.16    ,4.34   ,-1.64    ,0.45
2023-09-01,-3.54    ,0.26    ,3.03    ,1.04    ,1.74    ,0.43
2023-10-01,-5.05    ,0.49    ,1.79   ,-0.42    ,3.14    ,0.47
2023-11-01,4.75    ,0.86   ,-3.64    ,3.46   ,-2.99    ,0.44
2023-12-01,7.85   ,-3.03   ,-1.05    ,2.70   ,-1.21    ,0.43
2024-01-01,-5.01   ,-0.91    ,1.04    ,3.13   ,-2.14    ,0.47
2024-02-01,1.09    ,0.33   ,-1.28   ,-4.06    ,0.28    ,0.42
2024-03-01,0.98    ,0.48    ,1.49    ,4.10   ,-1.50    ,0.43
2024-04-01,-1.03   ,-0.07    ,2.90   ,-2.09    ,1.98    ,0.47
2024-05-01,2.99   ,-1.20    ,1.27   ,-2.03   ,-1.27    ,0.44
2024-06-01,-1.08   ,-0.26    ,0.18    ,1.97   ,-1.83    ,0.41
2024-07-01,0.69   ,-1.28    ,1.61    ,1.20    ,0.03    ,0.45
2024-08-01,3.28   ,-3.22    ,0.50   ,-1.73   ,-1.05    ,0.48
2024-09-01,7.20   ,-0.22   ,-0.96    ,0.90    ,1.45    ,0.40
2024-10-01,-5.41    ,3.50    ,3.41   ,-2.48    ,0.66    ,0.39
2024-11-01,1.31   ,-3.21   ,-2.63   ,-0.24   ,-1.61    ,0.40
2024-12-01,-4.69    ,2.42    ,4.94   ,-1.11    ,2.34    ,0.37
2025-01-01,2.01   ,-1.51   ,-2.86    ,2.24   ,-2.60    ,0.37
2025-02-01,-0.99    ,0.44    ,2.95    ,1.04    ,1.99    ,0.33
2025-03-01,-1.33    ,1.80    ,4.98   ,-1.89    ,1.48    ,0.34
2025-04-01,2.80   ,-2.29   ,-2.06    ,1.34   ,-0.48    ,0.35
